{
  "trained_at": "2026-01-25T07:28:17.476926",
  "metrics": {
    "f1_score": 0.649624060150376,
    "precision": 0.6512562814070352,
    "recall": 0.648,
    "rf_f1": 0.6570289132602194,
    "gb_f1": 0.6499749624436655,
    "train_samples": 8000,
    "test_samples": 2000,
    "n_features": 838
  },
  "use_codebert": true,
  "use_ast": true,
  "use_cwe": true
}