{
  "trained_at": "2026-01-25T06:51:50.319520",
  "metrics": {
    "f1_score": 0.6888700084961767,
    "precision": 0.7025996533795494,
    "recall": 0.6756666666666666,
    "rf_f1": 0.6843447220805712,
    "gb_f1": 0.6825638423811939,
    "train_samples": 24000,
    "test_samples": 6000,
    "n_features": 70
  },
  "use_codebert": false,
  "use_ast": true,
  "use_cwe": true
}